书名,链接,信息,评分,评价人数,描述
,,,,,
追风筝的人,https://book.douban.com/subject/1770782/,[美] 卡勒德・胡赛尼 / 李继宏 / 上海人民出版社 / 2006-5 / 29.00元,8.9,(335510人评价),为你，千千万万遍
,,,,,
解忧杂货店,https://book.douban.com/subject/25862578/,[日] 东野圭吾 / 李盈春 / 南海出版公司 / 2014-5 / 39.50元,8.6,(309081人评价),一碗精心熬制的东野牌鸡汤，拒绝很难
,,,,,
小王子,https://book.douban.com/subject/1084336/,[法] 圣埃克苏佩里 / 马振聘 / 人民文学出版社 / 2003-8 / 22.00元,9,(259335人评价),献给长成了大人的孩子们
,,,,,
白夜行,https://book.douban.com/subject/3259440/,[日] 东野圭吾 / 刘姿君 / 南海出版公司 / 2008-9 / 29.80元,9.1,(227348人评价),暗夜独行的残破灵魂，爱与恶本就难分难舍
,,,,,
围城,https://book.douban.com/subject/1008145/,钱锺书 / 人民文学出版社 / 1991-2 / 19.00,8.9,(208674人评价),对于“人艰不拆”四个字最彻底的违抗
,,,,,
三体:“地球往事”三部曲之一,https://book.douban.com/subject/2567698/,刘慈欣 / 重庆出版社 / 2008-1 / 23.00,8.8,(183954人评价),你我不过都是虫子
,,,,,
挪威的森林,https://book.douban.com/subject/1046265/,[日] 村上春树 / 林少华 / 上海译文出版社 / 2001-2 / 18.80元,8,(202187人评价),村上之发轫，多少人的青春启蒙
,,,,,
嫌疑人X的献身,https://book.douban.com/subject/3211779/,[日] 东野圭吾 / 刘子倩 / 南海出版公司 / 2008-9 / 28.00,8.9,(178008人评价),数学好是一种极致的浪漫
,,,,,
活着,https://book.douban.com/subject/1082154/,余华 / 南海出版公司 / 1998-5 / 12.00元,9.1,(159933人评价),活着本身就是人生最大的意义
,,,,,
红楼梦,https://book.douban.com/subject/1007305/,[清] 曹雪芹 著 / 人民文学出版社 / 1996-12 / 59.70元,9.6,(138361人评价),谁解其中味？
,,,,,
百年孤独,https://book.douban.com/subject/6082808/,[哥伦比亚] 加西亚・马尔克斯 / 范晔 / 南海出版公司 / 2011-6 / 39.50元,9.2,(142924人评价),尼采所谓的永劫复归，一场无始无终的梦魇
,,,,,
看见,https://book.douban.com/subject/20427187/,柴静 / 广西师范大学出版社 / 2013-1-1 / 39.80元,8.8,(139035人评价),在这里看见中国
,,,,,
不能承受的生命之轻,https://book.douban.com/subject/1017143/,[捷克] 米兰・昆德拉 / 许钧 / 上海译文出版社 / 2003-7 / 23.00元,8.5,(144325人评价),朝向媚俗的一次伟大的进军
,,,,,
达・芬奇密码,https://book.douban.com/subject/1040771/,[美] 丹・布朗 / 朱振武 / 上海人民出版社 / 2004-2 / 28.00元,8.2,(135935人评价),一切畅销的因素都有了
,,,,,
平凡的世界（全三部）,https://book.douban.com/subject/1200840/,路遥 / 人民文学出版社 / 2005-1 / 64.00元,9,(115421人评价),中国当代城乡生活全景
,,,,,
三体Ⅱ:黑暗森林,https://book.douban.com/subject/3066477/,刘慈欣 / 重庆出版社 / 2008-5 / 32.00,9.3,(108244人评价),无边的黑暗森林，比第一部更为恢弘壮丽
,,,,,
三体Ⅲ:死神永生,https://book.douban.com/subject/5363767/,刘慈欣 / 重庆出版社 / 2010-11 / 38.00元,9.2,(108432人评价),终章，何去何从
,,,,,
简爱（英文全本）,https://book.douban.com/subject/1141406/,[英] 夏洛蒂・勃朗特 / 世界图书出版公司 / 2003-11 / 18.00元,8.5,(115650人评价),灰姑娘在十九世纪
,,,,,
哈利・波特与魔法石,https://book.douban.com/subject/1041007/,[英] J. K. 罗琳 / 苏农 / 人民文学出版社 / 2000-9 / 19.50元,9,(94841人评价),羽加迪姆勒维奥萨！
,,,,,
天才在左疯子在右:国内第一本精神病人访谈手记,https://book.douban.com/subject/4242172/,高铭 / 武汉大学出版社 / 2010-2 / 29.80元,8.2,(105443人评价),简称“疯癫与文明”
,,,,,
我们仨,https://book.douban.com/subject/1023045/,杨绛 / 生活・读书・新知三联书店 / 2003-7 / 18.80元,8.7,(96016人评价),平淡，坚忍，温情
,,,,,
傲慢与偏见,https://book.douban.com/subject/1083428/,[英] 奥斯丁 / 张玲 / 人民文学出版社 / 1993-7 / 13.00元,8.8,(93940人评价),所有现代言情小说的母体
,,,,,
送你一颗子弹,https://book.douban.com/subject/4238362/,刘瑜 / 上海三联书店 / 2010-1 / 25.00元,8.6,(95834人评价),犀利又温柔，穿过胸口隐隐作痛
,,,,,
飘,https://book.douban.com/subject/1068920/,[美国] 玛格丽特・米切尔 / 李美华 / 译林出版社 / 2000-9 / 40.00元,9.3,(86610人评价),革命时期的爱情，随风而逝
,,,,,
明朝那些事儿（壹）:洪武大帝,https://book.douban.com/subject/1873231/,当年明月 / 中国友谊出版公司 / 2006-9 / 24.80,8.7,(91497人评价),历史本就是一件件“事儿”拼成的
,,,,,
书名,链接,信息,评分,评价人数,描述
,,,,,
倾城之恋,https://book.douban.com/subject/1090043/,花城出版社 / 1997-3-1 / 11.00,8.5,(95332人评价),一段姻缘，需要一座城的倾覆来成全
,,,,,
目送,https://book.douban.com/subject/3995526/,龙应台 / 生活・读书・新知三联书店 / 2009-10 / 39.00元,8.7,(91897人评价),不必追
,,,,,
月亮和六便士,https://book.douban.com/subject/1858513/,[英] 毛姆 / 傅惟慈 / 上海译文出版社 / 2006-8 / 15.00元,9,(85180人评价),有多少人会经历顿悟，就有更少的人甘愿自我放逐
,,,,,
情人,https://book.douban.com/subject/1400705/,[法] 玛格丽特・杜拉斯 / 王道乾 / 上海译文出版社 / 2005-7 / 20.00元,8.1,(92898人评价),我已经老了，你呢？
,,,,,
恶意,https://book.douban.com/subject/3646172/,[日] 东野圭吾 / 娄美莲 / 南海出版公司 / 2009-6 / 18.00,8.4,(85187人评价),无缘由的恨，冰冷彻骨
,,,,,
霍乱时期的爱情,https://book.douban.com/subject/10594787/,[哥伦比亚] 加西亚・马尔克斯 / 杨玲 / 南海出版公司 / 2012-9-1 / 39.50元,9,(79326人评价),义无反顾地直达爱情的核心
,,,,,
哈利・波特与阿兹卡班的囚徒,https://book.douban.com/subject/1071241/,[英] J. K. 罗琳 / 郑须弥 / 人民文学出版社 / 2000-9 / 26.50元,8.9,(78683人评价),小天狼星布莱克
,,,,,
狼图腾,https://book.douban.com/subject/1022060/,姜戎 / 长江文艺出版社 / 2004-4 / 32.00元,8.3,(84455人评价),我们都是 狼的传人？
,,,,,
哈利・波特与火焰杯,https://book.douban.com/subject/1009257/,[英] J. K. 罗琳 / 马爱新 / 人民文学出版社 / 2001-5 / 39.80元,9,(76139人评价),整个系列的分水岭，暗色渐浓
,,,,,
1Q84BOOK1:4月～6月,https://book.douban.com/subject/4742918/,[日] 村上春树 / 施小炜 / 南海出版公司 / 2010-5 / 36.00元,8.3,(83312人评价),村上的野望，欢迎来到1Q84年
,,,,,
边城,https://book.douban.com/subject/1057244/,沈从文 / 北岳文艺出版社 / 2002-4 / 12.00元,8.6,(80006人评价),如水一般的忧愁与怅惘
,,,,,
哈利・波特与密室,https://book.douban.com/subject/1039487/,[英] J. K. 罗琳 / 马爱新 / 人民文学出版社 / 2000-9 / 22.00元,8.9,(76120人评价),渐入佳境，魔法世界全貌初现
,,,,,
穆斯林的葬礼,https://book.douban.com/subject/1082334/,霍达 / 北京十月文艺出版社 / 1988-12-1 / 32.00,8.2,(79509人评价),时代烙印鲜明的民族史诗
,,,,,
许三观卖血记,https://book.douban.com/subject/1029791/,余华 / 南海出版公司 / 1998-9 / 16.80元,8.7,(74026人评价),余华的悲凉，都在那一碗炒猪肝里了
,,,,,
撒哈拉的故事,https://book.douban.com/subject/1361264/,三毛 / 皇冠出版社 / 1976 / 160 TWD,9,(70957人评价),关于漂泊的一切
,,,,,
万历十五年,https://book.douban.com/subject/1041482/,[美] 黄仁宇 / 生活・读书・新知三联书店 / 1997-5 / 18.00元,8.9,(71105人评价),见微知著，历史观的颠覆
,,,,,
莲花,https://book.douban.com/subject/1529893/,安妮宝贝 / 作家出版社 / 2006-3 / 25.00元,8,(79566人评价),三个生命的交逢，灵魅清冷
,,,,,
向左走・向右走,https://book.douban.com/subject/1066462/,酌 / 生活・读书・新知三联书店 / 2002-8 / 16.00元,8.4,(73753人评价),两条平行线相遇的可能
,,,,,
哈利・波特与混血王子,https://book.douban.com/subject/1432596/,[英] J. K. 罗琳 / 马爱农 / 人民文学出版社 / 2005-10 / 58.00元,8.8,(66725人评价),感情线纷乱的一部。再见邓布利多
,,,,,
盗墓笔记:七星鲁王宫,https://book.douban.com/subject/1948901/,南派三叔 / 中国友谊出版公司 / 2007-1 / 26.80元,8.3,(70292人评价),想象奇诡的大型RPG游戏
,,,,,
黄金时代:时代三部曲,https://book.douban.com/subject/1089243/,王小波 / 花城出版社 / 1999-3 / 19.00元,8.8,(65844人评价),能把性爱写得如此坦荡的，大概只有王二了
,,,,,
窗边的小豆豆,https://book.douban.com/subject/1007914/,[日] 黑柳彻子 著 / 赵玉皎 / 南海出版公司 / 2003-1 / 20.00元,8.7,(66175人评价),真正懂孩子的教育经
,,,,,
苏菲的世界,https://book.douban.com/subject/1045818/,（挪威）乔斯坦・贾德 / 萧宝森 / 作家出版社 / 1999-04 / 26.80元,8.5,(67705人评价),最平易近人的哲学入门
,,,,,
天龙八部,https://book.douban.com/subject/1255625/,金庸 / 有1996年11月北平第4次印刷本 / 生活.读书.新知三联书店 / 1994-5 / 96.0,9.1,(60952人评价),“有情皆孽，无人不冤”
,,,,,
三国演义（全二册）,https://book.douban.com/subject/1019568/,[明] 罗贯中 / 人民文学出版社 / 1998-05 / 39.50元,9.2,(59865人评价),是非成败转头空
,,,,,
书名,链接,信息,评分,评价人数,描述
,,,,,
哈利・波特与凤凰社,https://book.douban.com/subject/1013129/,[英] J. K. 罗琳 / 马爱农 / 人民文学出版社 / 2003-9 / 59.00元,8.7,(63142人评价),暴脾气的哈利
,,,,,
悟空传:修订版,https://book.douban.com/subject/1003000/,今何在 / 光明日报出版社 / 2001-4 / 14.80元,8.4,(66303人评价),猴子还是那个猴子，世界早已不是原来的世界
,,,,,
牧羊少年奇幻之旅,https://book.douban.com/subject/3608208/,[巴西]保罗・柯艾略 / 丁文林 / 南海出版公司 / 2009-3-1 / 25.00元,8.6,(63641人评价),你自己就是最大的宝藏
,,,,,
哈利・波特与死亡圣器,https://book.douban.com/subject/2295163/,[英] J. K. 罗琳 / 马爱农 / 人民文学出版社 / 2007-10 / 66.00元,8.9,(59623人评价),no description
,,,,,
海边的卡夫卡,https://book.douban.com/subject/1059419/,[日] 村上春树 / 林少华 / 上海译文出版社 / 2003-4 / 25.00元,8.1,(65836人评价),背负诅咒的少年，平行世界中的奥德赛
,,,,,
灿烂千阳,https://book.douban.com/subject/2143732/,[美] 卡勒德・胡赛尼 / 李继宏 / 上海人民出版社 / 2007-9 / 28.00元,8.8,(59245人评价),唯有希望与爱可以驱散阴霾
,,,,,
呼啸山庄,https://book.douban.com/subject/1119522/,（英）勃朗特 / 张扬 / 人民文学出版社 / 1999-01-01 / 27.30元,8.4,(62336人评价),近乎暴虐的爱与恨，中文译名后无来者
,,,,,
兄弟（上）,https://book.douban.com/subject/1401425/,余华 / 上海文艺出版社 / 2005-8 / 16.00元,8.3,(61756人评价),历史苦难中的个人灾变
,,,,,
亲爱的安德烈,https://book.douban.com/subject/3369793/,龙应台 / 人民文学出版社 / 2008-12 / 26.00,8.7,(59617人评价),龙应台母子对话，两代人的思想碰撞
,,,,,
老人与海,https://book.douban.com/subject/1064275/,海明威 / 吴劳 / 上海译文出版社 / 1999-10 / 8.20元,8.3,(61619人评价),正是悲壮赋予生活以意义
,,,,,
少有人走的路:心智成熟的旅程,https://book.douban.com/subject/1775691/,[美] M・斯科特・派克 / 于海生 / 吉林文史出版社 / 2007-1 / 26.00元,8.4,(60499人评价),成熟的心智通向更完善的自我
,,,,,
基督山伯爵,https://book.douban.com/subject/1085860/,大仲马 / 周克希 / 上海译文出版社 / 1991-12-1 / 43.90元,9,(55865人评价),完美的复仇，金庸用法语写作应该就是这样
,,,,,
人类简史:从动物到上帝,https://book.douban.com/subject/25985021/,[以色列]尤瓦尔・赫拉利 / 林俊宏 / 中信出版社 / 2014-11-1 / CNY 68.00,9.1,(54239人评价),跟着人类一同走过十万年
,,,,,
1984,https://book.douban.com/subject/4820710/,[英] 乔治・奥威尔 / 刘绍铭 / 北京十月文艺出版社 / 2010-4-1 / 28.00,9.3,(52496人评价),栗树荫下，我出卖你，你出卖我
,,,,,
笑傲江湖（全四册）,https://book.douban.com/subject/1002299/,金庸 / 生活・读书・新知三联书店 / 1994-5 / 76.80元,9,(54161人评价),武侠的壳，政治斗争的核
,,,,,
民主的细节:美国当代政治观察随笔,https://book.douban.com/subject/3813669/,刘瑜 / 上海三联书店 / 2009-6 / 25.00,8.6,(56832人评价),公民养成手册
,,,,,
福尔摩斯探案全集（上中下）,https://book.douban.com/subject/1040211/,[英] 阿・柯南道尔 / 丁钟华 等 / 群众出版社 / 1981-8 / 53.00元/68.00元,9.2,(51553人评价),侦探小说鼻祖
,,,,,
人间失格,https://book.douban.com/subject/4011670/,太宰治 / 许时嘉 / 吉林出版集团有限责任公司 / 2009年9月 / 16.00元,8.3,(58449人评价),令人无从怜悯的绝望
,,,,,
无声告白,https://book.douban.com/subject/26382433/,[美] 伍绮诗 / 孙璐 / 江苏凤凰文艺出版社 / 2015-7 / 35.00元,8.2,(57953人评价),莉迪亚死了，可他们还不知道
,,,,,
遇见未知的自己,https://book.douban.com/subject/2340100/,张德芬 / 华夏出版社 / 2008-1 / 29.00,8.1,(57204人评价),都市灵修速成
,,,,,
情书,https://book.douban.com/subject/1080370/,[日] 岩井俊二 / 穆晓芳 / 天津人民出版社 / 2004-7 / 18.00元,8.6,(51857人评价),一场误会中的两段爱情，东方式的含蓄隐忍
,,,,,
茶花女,https://book.douban.com/subject/1013380/,小仲马 / 王振孙 / 外国文学出版社 / 1997-3 / 9.00元,8.2,(54922人评价),妓女应当拥有爱情吗？
,,,,,
白鹿原,https://book.douban.com/subject/1085799/,陈忠实 / 人民文学出版社 / 1997-12 / 28.00元,8.6,(50168人评价),中国乡村史诗
,,,,,
一个陌生女人的来信,https://book.douban.com/subject/2154960/,[奥] 斯台芬・茨威格 / 张玉书 / 上海译文出版社 / 2007-7 / 20.00元,8.7,(50774人评价),暗恋的极致
,,,,,
神雕侠侣,https://book.douban.com/subject/1255624/,金庸 / 有1996年11月北平第4次印本 / 生活・读书・新知三联书店 / 1994-5 / 76.80元,8.8,(49035人评价),至情至性，情大于武
,,,,,
书名,链接,信息,评分,评价人数,描述
,,,,,
沉默的大多数:王小波杂文随笔全编,https://book.douban.com/subject/1054685/,王小波 / 中国青年出版社 / 1997-10 / 27.00元,9.1,(47823人评价),沉默是沉默者的通行证
,,,,,
当我谈跑步时我谈些什么,https://book.douban.com/subject/3369600/,[日] 村上春树 / 施小炜 / 南海出版公司 / 2009-1 / 25.00,8.1,(50474人评价),村上同志告诉我们，身体是革命的本钱
,,,,,
东方快车谋杀案,https://book.douban.com/subject/1827374/,[英] 阿加莎・克里斯蒂 / 陈尧光 / 人民文学出版社 / 2006-5 / 18.00元,9,(44330人评价),谋杀诡计惊人，波洛的抉择耐人寻味
,,,,,
这些人，那些事,https://book.douban.com/subject/6388661/,吴念真 / 译林出版社 / 2011-9 / 28.00元,8.8,(45421人评价),平淡叙述下的惊心动魄
,,,,,
肖申克的救赎,https://book.douban.com/subject/1829226/,[美] 斯蒂芬・金 / 施寄青 / 人民文学出版社 / 2006-7 / 29.90元,9.1,(43207人评价),希望让人自由，电影实在太有名
,,,,,
鲁滨逊漂流记,https://book.douban.com/subject/1016003/,[英] 笛福 / 马静 / 广西民族出版社 / 2002-1 / 9.20元,8,(49832人评价),最早的荒野求生
,,,,,
这些都是你给我的爱,https://book.douban.com/subject/4714734/,文：安东尼 / 长江文艺出版社 / 2010-3 / 24.80元,8.4,(45909人评价),只言片语的温暖
,,,,,
局外人,https://book.douban.com/subject/4908885/,[法] 阿尔贝・加缪 / 柳鸣九 / 上海译文出版社 / 2010-9 / 22.00元,9,(43264人评价),人生在世，永远也不该演戏作假
,,,,,
巴黎圣母院,https://book.douban.com/subject/1024197/,[法]雨果 / 陈敬容 / 人民文学出版社 / 1982-6 / 22.50元,8.3,(46013人评价),潜藏于残缺下的美与崇高
,,,,,
羊脂球,https://book.douban.com/subject/1205370/,（法）莫泊桑 / 柳鸣九 / 北京燕山出版社 / 2007-6 / 13.50元,8.1,(47218人评价),资产阶级的道貌岸然
,,,,,
喜宝,https://book.douban.com/subject/2022979/,亦舒 / 新世界出版社 / 2007-2 / 22.00元,8,(47248人评价),爱情才是终极的奢侈品
,,,,,
陪安东尼度过漫长岁月,https://book.douban.com/subject/3014576/,安东尼 / 长江文艺出版社 / 2008-3 / 18.00,8.3,(44303人评价),真正的片段式写作
,,,,,
呐喊,https://book.douban.com/subject/1449351/,鲁迅 / 人民文学出版社 / 1973年3月 / 0.36元,8.8,(41265人评价),新文学的第一声呐喊
,,,,,
无人生还,https://book.douban.com/subject/3006581/,[英] 阿加莎?克里斯蒂 / 祁阿红 / 人民文学出版社 / 2008-3 / 19.00,8.9,(40926人评价),童谣杀人案
,,,,,
红玫瑰与白玫瑰,https://book.douban.com/subject/1014278/,张爱玲 / 花城出版社 / 1996-06 / 12.80元,8.4,(43721人评价),蚊子血还是饭黏子？
,,,,,
巨人的陨落:世纪三部曲,https://book.douban.com/subject/26698660/,[英] 肯・福莱特 / 于大卫 / 江苏凤凰文艺出版社 / 2016-5-1 / 129.80元,8.9,(40187人评价),五个家族，一场战争
,,,,,
爱你就像爱生命,https://book.douban.com/subject/3071717/,王小波 / 上海锦绣文章出版社 / 2008-5 / 18.00元,8.8,(41219人评价),王小波与李银河的两地书
,,,,,
华胥引（全二册）,https://book.douban.com/subject/5916880/,唐七公子 / 现代出版社 / 2011-1 / 39.80元,8.4,(42371人评价),现实不如梦中的圆满
,,,,,
了不起的盖茨比,https://book.douban.com/subject/1008988/,菲茨杰拉德 / 姚乃强 / 人民文学出版社 / 2004-06 / 12.00元,8.3,(43167人评价),梦，就像黛西家的那一缕绿光
,,,,,
乌合之众:大众心理研究,https://book.douban.com/subject/1012611/,（法）勒庞 / 冯克利 / 中央编译出版社 / 2011-5-1 / 16.00元,8.3,(43309人评价),群氓心理剖析
,,,,,
鬼吹灯之精绝古城:之精绝古城,https://book.douban.com/subject/1882933/,天下霸唱 / 安徽文艺出版社 / 2006 / 25.0,8.1,(42931人评价),盗墓祖师名不虚传
,,,,,
动物农场,https://book.douban.com/subject/2035179/,[英] 乔治・奥威尔 / 荣如德 / 上海译文出版社 / 2007-3 / 10.00元,9.2,(37914人评价),太阳底下并无新事
,,,,,
安徒生童话故事集,https://book.douban.com/subject/1046209/,（丹麦）安徒生 / 叶君健 / 人民文学出版社 / 1997-08 / 25.00,9.2,(37865人评价),远不是童话那么简单
,,,,,
半生缘,https://book.douban.com/subject/1963684/,张爱玲 / 北京十月文艺出版社 / 2006-12 / 28.00元,8.6,(39980人评价),世钧，我们回不去了
,,,,,
地下铁,https://book.douban.com/subject/1056733/,酌 / 辽宁教育出版社 / 2002-2 / 32.00元,8.3,(40481人评价),黑暗世界中的点滴亮光
,,,,,
书名,链接,信息,评分,评价人数,描述
,,,,,
骆驼祥子,https://book.douban.com/subject/1043815/,老舍 / 人民文学出版社 / 2000-3-1 / 12.00,8.3,(39482人评价),如骆驼喘息般深刻的绝望
,,,,,
射雕英雄传（全四册）,https://book.douban.com/subject/1044547/,金庸 / 生活・读书・新知三联书店 / 1999-04 / 47.00元,8.9,(35326人评价),侠之大者，为国为民
,,,,,
月亮忘了,https://book.douban.com/subject/1358873/,酌 / 格林 / 2000-2-1 / NT$ 299,8.6,(36501人评价),月明星稀的晚上，看不见的，看见了
,,,,,
此间的少年,https://book.douban.com/subject/1020459/,江南 / 华文出版社 / 2004-1 / 25.00元,8.4,(37052人评价),象牙塔里的金庸群侠
,,,,,
如何阅读一本书,https://book.douban.com/subject/1013208/,[美] 莫提默・J. 艾德勒 / 郝明义 / 商务印书馆 / 2004-1 / 38.00元,8.4,(36812人评价),读书的方法论
,,,,,
孤独六讲,https://book.douban.com/subject/4124727/,蒋勋 / 广西师范大学出版社 / 2009-10-1 / 36.00元,8.1,(38424人评价),作为一种美学的孤独
,,,,,
一人住第5年,https://book.douban.com/subject/1346815/,高木直子 / 洪俞君 / 大田 / 2004-12-1 / NT$220,8.4,(35776人评价),独居生活之乐
,,,,,
步步惊心,https://book.douban.com/subject/1812439/,桐华 / 民族出版社 / 2006-6 / 25.00元,8.1,(36664人评价),现世太苦，不如穿越回去从头来过
,,,,,
一个人的朝圣,https://book.douban.com/subject/24934182/,【英】蕾秋・乔伊斯 / 黄妙瑜 / 北京联合出版公司 / 2013-9-1 / 32.80,8.1,(36762人评价),关于爱和信念的旅行
,,,,,
常识,https://book.douban.com/subject/3344676/,梁文道 / 广西师范大学出版社 / 2009-1 / 38.00,8.1,(36627人评价),献给这个常识稀缺的时代
,,,,,
阿Q正传,https://book.douban.com/subject/1088065/,鲁迅 / 上海书店出版社 / 2003-7 / 14.50元,8.7,(33746人评价),哀其不幸，怒其不争
,,,,,
寻路中国:从乡村到工厂的自驾之旅,https://book.douban.com/subject/5414391/,[美] 彼得・海斯勒 / 李雪顺 / 上海译文出版社 / 2011-1 / 33.00元,9,(32388人评价),中国在路上，非虚构写作所能达到的高度
,,,,,
时间旅行者的妻子,https://book.douban.com/subject/2056749/,[美] 奥德丽・尼芬格 / 夏金 / 人民文学出版社 / 2007-4 / 29.90元,8.1,(36232人评价),在时间的缝隙中穿行，然后相遇
,,,,,
荆棘鸟,https://book.douban.com/subject/1086249/,[澳] 考琳・麦卡洛 / 曾胡 / 译林出版社 / 1998-7 / 28.00元,8.6,(33375人评价),澳洲乱世情
,,,,,
刀锋,https://book.douban.com/subject/2035162/,[英]毛姆 / 周煦良 / 上海译文出版社 / 2007-3 / 18.00元,9,(31689人评价),一把刀的锋刃不容易越过；因此智者说得救之道是困难的
,,,,,
哭泣的骆驼,https://book.douban.com/subject/1029111/,三毛 / 哈尔滨出版社 / 2003-6 / 15.80元,8.9,(31641人评价),沙漠中寻常的生与死
,,,,,
孩子你慢慢来,https://book.douban.com/subject/4207781/,龙应台 / 生活・读书・新知三联书店 / 2009-12-1 / 28.00元,8.8,(32235人评价),我们现在怎样做母亲
,,,,,
一只特立独行的猪,https://book.douban.com/subject/1767945/,王小波 / 北方文艺出版社 / 2006-4 / 18.80元,8.8,(32175人评价),生活就是个缓慢受锤的过程，至少还可以特立独行
,,,,,
失恋33天:小说，或是指南,https://book.douban.com/subject/4238754/,鲍鲸鲸 / 中信出版社 / 2010-1 / 25.00元,8.1,(34592人评价),失恋是一种病，痊愈之后百毒不侵
,,,,,
你好，旧时光（上下）,https://book.douban.com/subject/4166819/,八月长安 / 新世界出版社 / 2009-12 / 39.80元,8.8,(30986人评价),原作名切题
,,,,,
梦里花落知多少,https://book.douban.com/subject/2070844/,三毛 / 北京十月文艺出版社 / 2007-6 / 28.00元,8.9,(31097人评价),哀而不伤
,,,,,
格林童话全集,https://book.douban.com/subject/1043008/,格林兄弟 / 魏以新 / 人民文学出版社 / 1994-11 / 21.45元,8.9,(30588人评价),许多隐晦
,,,,,
尘埃落定,https://book.douban.com/subject/1080309/,阿来 / 人民文学出版社 / 1998-3-1 / 22.0,8.4,(32530人评价),一个傻子的土司家族传奇
,,,,,
麦琪的礼物:欧・亨利短篇小说经典,https://book.douban.com/subject/1051193/,[美] 欧・亨利 / 张经浩 / 上海社会科学院出版社 / 2003-7 / 25.00元,8.6,(31764人评价),日常的奇迹
,,,,,
那些回不去的年少时光,https://book.douban.com/subject/4231381/,桐华 / 江苏文艺出版社 / 2010-01 / 23.80元,8.5,(31234人评价),所有你曾热爱却正在遗忘的人和事
,,,,,
书名,链接,信息,评分,评价人数,描述
,,,,,
金锁记,https://book.douban.com/subject/3017857/,张爱玲 / 哈尔滨出版社 / 2005-6 / 13.5元,8.5,(31673人评价),曹七巧就像希克厉，一个扭曲的英雄
,,,,,
海贼王:ONEPIECE,https://book.douban.com/subject/1474773/,尾田荣一郎 / 董科 / 浙江人民美术出版社 / 2007-11 / 7.50元,9.5,(27491人评价),热血，梦想，希望
,,,,,
历史深处的忧虑:近距离看美国之一,https://book.douban.com/subject/1027191/,林达 / 生活・读书・新知三联书店 / 1997-5 / 19.00元,9,(29300人评价),窥见美国社会的一扇窗
,,,,,
房思琪的初恋乐园,https://book.douban.com/subject/27614904/,林奕含 / 北京联合出版公司 / 2018-1 / 45.00元,9.2,(28765人评价),以血书写的文学
,,,,,
城南旧事:纪念普及版,https://book.douban.com/subject/1254588/,林海音 文 / 中国青年出版社 / 2003-7 / 16.00元,8.9,(29166人评价),长亭外，古道边，芳草碧连天
,,,,,
鹿鼎记（全五册）,https://book.douban.com/subject/1212893/,金庸 / 广州出版社 花城出版社 / 2008-3 / 108.00元,8.8,(29317人评价),武侠的解构，流氓的狂欢
,,,,,
大地之灯,https://book.douban.com/subject/1963310/,七堇年 / 长江文艺出版社 / 2007-1 / 22.00元,8.2,(31566人评价),两代人的成长与救赎
,,,,,
悲惨世界（上中下）,https://book.douban.com/subject/1205054/,[法] 雨果 / 李丹 / 人民文学出版社 / 1992-6 / 66.00元,8.9,(28728人评价),现实主义与浪漫主义的至高杰作
,,,,,
史蒂夫・乔布斯传,https://book.douban.com/subject/6798611/,[美] 沃尔特・艾萨克森 / 管延圻 / 中信出版社 / 2011-10-24 / 68.00元,8.7,(29303人评价),完美主义者的最高形态
,,,,,
我不喜欢这世界，我只喜欢你,https://book.douban.com/subject/26414020/,乔一 / 湖南少年儿童出版社 / 2015-5-1 / 29.80元,8,(30183人评价),一想到能和你共度余生，我就对余生充满期待
,,,,,
球状闪电,https://book.douban.com/subject/1192090/,刘慈欣 / 四川科学技术出版社 / 2005-6 / 22.00元,8.7,(29443人评价),量子之外，没有真相
,,,,,
菊与刀:日本文化的类型,https://book.douban.com/subject/1022238/,（美）鲁思?本尼迪克特 / 吕万和 / 商务印书馆 / 1990-6 / 16.00,8.2,(31618人评价),复杂矛盾的日本民族
,,,,,
东霓,https://book.douban.com/subject/4874131/,笛安 / 长江文艺出版社 / 2010-7-1 / 26.80元,8.1,(31358人评价),自毁而偏执的东霓
,,,,,
长恨歌,https://book.douban.com/subject/1082349/,王安忆 / 南海出版公司 / 2003-8 / 22.00元,8.2,(31155人评价),现代上海史诗
,,,,,
你一定爱读的极简欧洲史:为什么欧洲对现代文明的影响这么深,https://book.douban.com/subject/5366248/,约翰・赫斯特（John Hirst） / 席玉苹 / 广西师范大学出版社 / 2011-11-25 / 25.00元,8.3,(30342人评价),欧洲，为什么老是抢第一？
,,,,,
看不见的城市,https://book.douban.com/subject/1863930/,[意大利]伊塔洛・卡尔维诺 / 张宓 / 译林出版社 / 2006-8 / 16.00元,8.8,(27828人评价),每一座城市都只在想象中耸立，又在描述中坍圮
,,,,,
香水:一个谋杀犯的故事,https://book.douban.com/subject/1292416/,[德] 帕・聚斯金德 / 李清华 / 上海译文出版社 / 2005-5 / 20.00元,8.5,(28678人评价),恋味癖谋杀案
,,,,,
橙:陪安东尼度过漫长岁月Ⅱ,https://book.douban.com/subject/5327697/,安东尼 / 长江文艺出版社 / 2010-10 / 28.80元,8.2,(29130人评价),定做一个刻着“不过如此”的章，盖在封面上
,,,,,
一九八四・动物农场,https://book.douban.com/subject/1082387/,[英] 乔治・奥威尔 / 董乐山 / 上海译文出版社 / 2003-4 / 23.00元,9.3,(25832人评价),一个预言和一个寓言，令人窒息的政治恐怖
,,,,,
飞鸟集,https://book.douban.com/subject/1058661/,[印] 罗宾德拉纳德・泰戈尔 / 徐翰林 / 哈尔滨出版社 / 2004-6 / 16.80元,8.8,(27267人评价),淡泊，超脱
,,,,,
查令十字街84号,https://book.douban.com/subject/1316648/,[美] 海莲・汉芙 / 陈建铭 / 译林出版社 / 2005-05-01 / 18.00元,8.3,(28909人评价),文艺青年的爱情地标
,,,,,
匆匆那年（上下）,https://book.douban.com/subject/2567919/,九夜茴 / 东方出版社 / 2008-1 / 29.00,8.3,(28437人评价),不悔梦归处 只恨太匆匆
,,,,,
往事并不如烟,https://book.douban.com/subject/1059336/,章诒和 / 人民文学出版社 / 2004-1 / 35.00元,8.6,(27211人评价),知识分子的命运浮沉
,,,,,
伊豆的舞女,https://book.douban.com/subject/1005521/,[日] 川端康成 / 叶渭渠 / 广西师范大学出版社 / 2002-2 / 23.80元,8.2,(28897人评价),静美又残酷，无限柔软的川端
,,,,,
江城,https://book.douban.com/subject/7060185/,[美] 彼得・海斯勒 / 李雪顺 / 上海译文出版社 / 2012-1 / 36.00元,9,(25747人评价),外国人的寻路中国
,,,,,
书名,链接,信息,评分,评价人数,描述
,,,,,
世界尽头与冷酷仙境,https://book.douban.com/subject/1291809/,[日] 村上春树 / 林少华 / 上海译文出版社 / 2002-12 / 23.00元,8.6,(27329人评价),交叉平行蒙太奇
,,,,,
把时间当作朋友:运用心智获得解放,https://book.douban.com/subject/3609132/,李笑来 / 电子工业出版社 / 2009-6 / 32.00元,8.5,(27586人评价),反成功学的成功学
,,,,,
影响力,https://book.douban.com/subject/1786387/,[美] 罗伯特・西奥迪尼 / 陈叙 / 中国人民大学出版社 / 2006-5 / 45.00元,8.6,(26826人评价),营销防骗指南
,,,,,
富爸爸，穷爸爸,https://book.douban.com/subject/1033778/,（美）罗伯特?T?清崎 / 杨君，杨明 / 世界图书出版公司 / 2000-09 / 18.80,8.2,(28031人评价),人穷穷观念，人富钱生钱
,,,,,
倚天屠龙记(共四册),https://book.douban.com/subject/1070851/,金庸 / 三联书店 / 1999-04 / 0,8.5,(27062人评价),不识张郎是张郎
,,,,,
中国历代政治得失,https://book.douban.com/subject/1003479/,钱穆 / 生活・读书・新知三联书店 / 2001 / 12.00元,9.1,(25080人评价),一部简明的“中国政治制度史”
,,,,,
冰与火之歌（卷一）:权力的游戏,https://book.douban.com/subject/1336330/,[美] 乔治・R. R. 马丁 / 谭光磊 / 重庆出版社 / 2005-5 / 68.00元,9.3,(24435人评价),凛冬将至。无比宏大的世界观
,,,,,
七夜雪,https://book.douban.com/subject/1919201/,沧月 / 北京十月文艺出版社 / 2006-10 / 25.00元,8.4,(26607人评价),抵不过时间
,,,,,
那些年，我们一起追的女孩,https://book.douban.com/subject/1958227/,九把刀 / 花山文艺出版社 / 2007-1 / 20.00元,8.2,(27399人评价),那些年错过的大雨
,,,,,
ZOO,https://book.douban.com/subject/2297697/,[日] 乙一 / 李颖秋 / 当代世界出版社 / 2007-10 / 20.00元,8.6,(25957人评价),噩梦中的一丝温度
,,,,,
蔷薇岛屿,https://book.douban.com/subject/1063190/,安妮宝贝 / 作家出版社 / 2002-8 / 18.00元,8,(28072人评价),你们不会彼此遗忘。只会彼此消失
,,,,,
红与黑,https://book.douban.com/subject/1007433/,司汤达 / 郭宏安 / 译林出版社 / 1993-7-1 / 20.00,8.2,(27580人评价),阴谋与爱情
,,,,,
朝花夕拾,https://book.douban.com/subject/1449352/,鲁迅 / 人民文学出版社 / 1972年4月 / 0.25元,8.7,(25728人评价),鲁迅的旧事重提
,,,,,
阿狸・梦之城堡,https://book.douban.com/subject/3554154/,hans / 上海锦绣文章出版社 / 2009-1 / 36.80元,9,(24460人评价),治愈
,,,,,
时间简史:插图本,https://book.douban.com/subject/1034282/,[英] 史蒂芬・霍金 / 许明贤 / 湖南科学技术出版社 / 2010-4 / 45.00元,8.8,(24966人评价),霍金与上帝的战争
,,,,,
天使与魔鬼,https://book.douban.com/subject/1228110/,[美] 丹.布朗 / 朱振武 / 人民文学出版社 / 2005-2 / 29.80元,8.2,(26923人评价),科学与宗教的大乱斗
,,,,,
水浒传（全二册）,https://book.douban.com/subject/1008357/,[明] 施耐庵 / 人民文学出版社 / 1997-1 / 50.60元,8.5,(25250人评价),风风火火闯九州
,,,,,
最初的爱情最后的仪式,https://book.douban.com/subject/4011440/,[英] 伊恩・麦克尤恩 / 潘帕 / 南京大学出版社 / 2010-2 / 22.00元,8,(27210人评价),别被封面骗了
,,,,,
陆犯焉识,https://book.douban.com/subject/6880158/,严歌苓 / 作家出版社 / 2011-10 / 35.00元,8.8,(23961人评价),翻手为苍凉，覆手为繁华
,,,,,
杀死一只知更鸟,https://book.douban.com/subject/6781808/,[美] 哈珀・李 / 高红梅 / 译林出版社 / 2012-9 / 32.00元,9.2,(22884人评价),有一种东西不能遵循从众原则，那就是――人的良心
,,,,,
国境以南太阳以西,https://book.douban.com/subject/1015452/,[日] 村上春树 / 林少华 / 上海译文出版社 / 2001-8 / 13.50元,8.3,(25733人评价),灾星下出生的恋人们
,,,,,
佛祖在一号线,https://book.douban.com/subject/4872671/,李海鹏 / 文化艺术出版社 / 2010-6 / 25.00元,8.2,(25749人评价),嬉笑怒骂的常识分子
,,,,,
最好的我们,https://book.douban.com/subject/24754316/,八月长安 / 湖南文艺出版社 / 2013-8-5 / 55,8.8,(23159人评价),耿耿余淮
,,,,,
西游记（全二册）,https://book.douban.com/subject/1029553/,吴承恩 / 黄肃秋 注释 / 人民文学出版社 / 2004-8 / 47.20元,8.8,(23657人评价),取经之路就在脚下
,,,,,
雷雨,https://book.douban.com/subject/1013416/,曹禺 / 人民文学出版社 / 1999-05 / 9.20,8.5,(24626人评价),人的心都靠不住，我并不是说人坏，我就是恨人性太弱，太容易变了
,,,,,
书名,链接,信息,评分,评价人数,描述
,,,,,
生活在别处,https://book.douban.com/subject/1013225/,[捷克] 米兰・昆德拉 / 袁筱一 / 上海译文出版社 / 2004-5 / 25.00元,8.4,(25011人评价),此处的生活唯有残酷
,,,,,
瓦尔登湖,https://book.douban.com/subject/1865089/,[美] 梭罗 / 徐迟 / 上海译文出版社 / 2006-8 / 11.00元,8.4,(24751人评价),另一种生活
,,,,,
心是孤独的猎手,https://book.douban.com/subject/1424741/,[美] 卡森・麦卡勒斯 / 陈笑黎 / 上海三联书店 / 2005-8 / 25.00元,8.5,(23953人评价),镇上有两个哑巴，他们总是在一起。
,,,,,
自控力:斯坦福大学最受欢迎心理学课程,https://book.douban.com/subject/10786473/,[美]  凯利・麦格尼格尔 / 王岑卉 / 文化发展出版社(原印刷工业出版社) / 2012-8 / 39.80元,8.3,(24666人评价),要么瘦，要么死
,,,,,
京华烟云,https://book.douban.com/subject/1391191/,林语堂 / 张振玉 / 陕西师范大学出版社 / 2005-7 / 43.00元,8.5,(23905人评价),林语堂的《红楼梦》
,,,,,
设计中的设计,https://book.douban.com/subject/1941558/,[日] 原研哉 / 朱锷 / 山东人民出版社 / 2006-11 / 48.00元,8.6,(23360人评价),日常生活的无限可能性
,,,,,
我执,https://book.douban.com/subject/3642673/,梁文道 / 广西师范大学出版社 / 2010-10 / 35.00元,8,(25142人评价),梁文道的私密日记
,,,,,
夏洛的网,https://book.douban.com/subject/1036274/,[美] E.B.怀特 / 任溶溶 / 上海译文出版社 / 2004-5 / 17.00元,8.5,(23351人评价),猪与蜘蛛
,,,,,
狂人日记,https://book.douban.com/subject/1398395/,鲁迅 / 京华出版社 / 2006-3 / 39.80元,8.7,(22918人评价),中国现代文学史上第一篇真正的现代白话小说
,,,,,
变形记:卡夫卡小说,https://book.douban.com/subject/1213546/,[奥] 卡夫卡 / 叶廷芳 / 浙江文艺出版社 / 2003-4 / 16.00元,8.4,(23799人评价),格里高里清早醒来发现自己变成了甲虫
,,,,,
偷书贼,https://book.douban.com/subject/2180619/,[澳] 马克斯・苏萨克 / 孙张静 / 南海出版公司 / 2007-8 / 25.00元,8,(24737人评价),不能说偷，是窃，窃你懂吗
,,,,,
没有色彩的多崎作和他的巡礼之年,https://book.douban.com/subject/25733470/,[日] 村上春树 / 施小炜 / 南海出版公司 / 2013-10-1 / 39.50元,8.2,(23884人评价),并不是一切都消失在了时间的长河里
,,,,,
海底两万里,https://book.douban.com/subject/1085470/,[法国] 儒尔・凡尔纳 / 沈国华 / 译林出版社 / 2002-9 / 19.50元,8.4,(23474人评价),你听说过鹦鹉螺号吗？
,,,,,
激荡三十年（上）:中国企业1978-2008,https://book.douban.com/subject/1970428/,吴晓波 / 中信出版社 浙江人民出版社 / 2007-1 / 35.00,8.8,(21843人评价),这是一个最好的时代，也是一个最坏的时代
,,,,,
文学回忆录（全2册）:1989―1994,https://book.douban.com/subject/20440644/,木心 口述 / 广西师范大学出版社 / 2013-1-10 / 98.00元,9.2,(20662人评价),木心留给世界的礼物
,,,,,
人性的弱点全集,https://book.douban.com/subject/1056295/,[美] 戴尔・卡耐基 / 袁玲 / 中国发展出版社 / 2008-1 / 25.00元,8.3,(22733人评价),西方世界最持久的人文畅销书
,,,,,
一句顶一万句,https://book.douban.com/subject/3633461/,刘震云 / 长江文艺出版社 / 2009-3 / 29.80,8.7,(21611人评价),一句胜过千年
,,,,,
九州・缥缈录,https://book.douban.com/subject/1321017/,江南 / 新世界出版社 / 2005-6 / 20.00元,8.8,(20841人评价),乱世的英雄史诗
,,,,,
你今天真好看,https://book.douban.com/subject/26602392/,[美]莉兹?克里莫 / 周高逸 / 雅众文化/天津人民出版社 / 2015-8 / 39.00元,8.7,(21459人评价),呆萌可爱的动物段子手
,,,,,
呼兰河传:1947年版本?原版珍藏,https://book.douban.com/subject/1060852/,萧红 / 百花文艺出版社 / 2005-01 / 19.00,8.9,(20925人评价),萧红的童年往事
,,,,,
尼罗河上的惨案,https://book.douban.com/subject/1818347/,[英] 阿加莎・克里斯蒂 / 宫英海 / 人民文学出版社 / 2006-5 / 22.00元,8.7,(21304人评价),阿婆代表作之一
,,,,,
我与地坛:史铁生代表作,https://book.douban.com/subject/1209899/,史铁生 / 春风文艺出版社 / 2002-5 / 25.00元,9,(19999人评价),这是你的罪孽与福祉
,,,,,
人生,https://book.douban.com/subject/3803820/,路遥 / 北京十月文艺出版社 / 2009-5 / 20.00元,8.4,(21334人评价),如果你是高加林，你要如何选择？
,,,,,
我的精神家园:王小波杂文自选集,https://book.douban.com/subject/1014578/,王小波 / 文化艺术出版社 / 1997 / 18.80元,9.1,(19626人评价),活过，爱过，写过
,,,,,
占星术杀人魔法,https://book.douban.com/subject/3187737/,[日] 岛田庄司 / 王鹏帆 / 新星出版社 / 2008-9 / 28.00,8.3,(21176人评价),一桩占星术连续杀人案件
,,,,,
书名,链接,信息,评分,评价人数,描述
,,,,,
浪潮之巅,https://book.douban.com/subject/6709783/,吴军 / 电子工业出版社 / 2011-8 / 55.00元,9.1,(19333人评价),了解IT领域的入门读物
,,,,,
浮生六记,https://book.douban.com/subject/1088581/,（清）沈复 / 人民文学出版社 / 1999/1 / 5.70元,8.9,(20009人评价),no description
,,,,,
舞！舞！舞！,https://book.douban.com/subject/1020670/,[日] 村上春树 / 林少华 / 上海译文出版社 / 2002-6 / 25.00元,8.3,(21343人评价),深入村上春树的心灵腹地
,,,,,
野火集:二十年纪念版,https://book.douban.com/subject/1426971/,龙应台 / 文汇出版社 / 2005-8 / 25.00元,8.8,(19970人评价),中国人你为什么不生气？
,,,,,
妻妾成群,https://book.douban.com/subject/1025753/,苏童 / 上海文艺出版社 / 2004-8 / 23.00元,8.2,(21567人评价),no description
,,,,,
高效能人士的七个习惯（精华版）,https://book.douban.com/subject/1048007/,[美] 史蒂芬・柯维 / 高新勇 / 中国青年出版社 / 2011-6 / 29.00元,8.2,(20813人评价),no description
,,,,,
海子的诗,https://book.douban.com/subject/1011754/,海子 / 人民文学出版社 / 1999-04 / 15.40,8.9,(18659人评价),no description
,,,,,
项链:莫泊桑中短篇小说选,https://book.douban.com/subject/1258498/,[法] 莫泊桑 / 顾加琛 等 / 河北教育出版社 / 2005-2 / 28.00元,8.3,(20133人评价),no description
,,,,,
教父,https://book.douban.com/subject/1092335/,[美]马里奥・普佐 / 周汉林 / 译林出版社 / 1997-8 / 23.30元,9,(18295人评价),no description
,,,,,
娱乐至死,https://book.douban.com/subject/1062193/,[美] 尼尔・波兹曼 / 章艳 / 广西师范大学出版社 / 2011-6 / 29.80元,8.6,(19244人评价),no description
,,,,,
观念的水位,https://book.douban.com/subject/20463108/,刘瑜 / 浙江大学出版社 / 2013-1 / 36.00元,8.3,(19614人评价),no description
,,,,,
父与子全集,https://book.douban.com/subject/1002898/,[德] 埃・奥・卜劳恩 绘 / 杨莹 / 中国工人出版社 / 2003-4 / 20.00元,9.1,(17536人评价),no description
,,,,,
罗杰疑案,https://book.douban.com/subject/1807516/,[英] 阿加莎・克里斯蒂 / 张江云 / 人民文学出版社 / 2006-5 / 21.00元,8.9,(18004人评价),no description
,,,,,
中国大历史,https://book.douban.com/subject/1015699/,黄仁宇 / 生活・读书・新知三联书店 / 2007-2 / 19.00元,8.3,(19695人评价),no description
,,,,,
寻羊冒险记,https://book.douban.com/subject/1031740/,[日] 村上春树 / 林少华 / 上海译文出版社 / 2001-8 / 18.80元,8.1,(19967人评价),no description
,,,,,
带一本书去巴黎,https://book.douban.com/subject/1001885/,林达 / 生活・读书・新知三联书店 / 2002-5 / 35.00元,8.5,(18917人评价),no description
,,,,,
动物凶猛,https://book.douban.com/subject/1143694/,王朔 / 中国电影出版社 / 2004-2 / 15.5,8.3,(19679人评价),no description
,,,,,
子不语1,https://book.douban.com/subject/4188697/,夏达 / 新世纪出版社 / 2009-12 / RMB36.00,9,(17622人评价),no description
,,,,,
巨流河,https://book.douban.com/subject/4842446/,齐邦媛 / 生活・读书・新知三联书店 / 2010-10 / 39.00元,8.7,(18500人评价),no description
,,,,,
小姨多鹤,https://book.douban.com/subject/3012517/,严歌苓 / 作家出版社 / 2008-4 / 28.00元,8.6,(18586人评价),no description
,,,,,
第一炉香,https://book.douban.com/subject/1082162/,张爱玲 / 花城出版社 / 1997-3 / 11.5,8.4,(19042人评价),no description
,,,,,
斯通纳,https://book.douban.com/subject/26425831/,[美] 约翰・威廉斯 / 杨向荣 / 世纪文景/上海人民出版社 / 2016-1 / 39.00元,8.8,(17855人评价),no description
,,,,,
芳华,https://book.douban.com/subject/27010212/,严歌苓 / 人民文学出版社 / 2017-4-1 / CNY 39.00,8.1,(19447人评价),no description
,,,,,
爱的艺术,https://book.douban.com/subject/3026879/,[美] 艾・弗洛姆 / 李健鸣 / 上海译文出版社 / 2008-4 / 15.00元,8.8,(17726人评价),no description
,,,,,
退步集,https://book.douban.com/subject/1003284/,陈丹青 / 广西师范大学出版社 / 2005-1 / 38.00元,8.1,(19398人评价),no description
